Press,Title,Content,Date,Time
연합뉴스,북한 한미연합훈련 맹비난에 경협주 하락(종합),"[그래픽] 최근 남북관계 주요 일지(서울=연합뉴스) 이재윤 기자 = 김영철 노동당 통일전선부장은 11일 조선중앙통신을 통해 담화를 내고 한미연합훈련 사전연습 개시에 연이틀 반발하며 대가를 치를 것이라고 경고하고 나섰다.yoon2@yna.co.kr    트위터 @yonhap_graphics  페이스북 tuney.kr/LeYN1(서울=연합뉴스) 박진형 기자 = 북한이 한미연합훈련을 강력히 비난, 남북 관계가 경색되면서 남북 경제협력 관련 종목들이 11일 일제히 약세를 보였다.    이날 유가증권시장에서 남해화학은 전날보다 8.26% 떨어진 1만1천100원에 거래를 마쳤다.    또 재영솔루텍(-6.36%), 팬스타엔터프라이즈(-6.10%), 신원우(-5.94%), 신원(-4.93%), 푸른기술(-4.89%) 등도 하락 마감했다.    남해화학은 농업 분야 경협 테마주로 꼽히며, 재영솔루텍·신원은 개성공단 입주사다.    푸른기술은 남북 철도연결 테마주로, 팬스타엔터프라이즈는 북한 관광 관련주로 각각 거론된다.    앞서 전날 한미 군사 당국이 연합훈련 사전연습에 돌입하자 북한은 김여정 노동당 부부장이 담화에서 ""반드시 대가를 치르게 될 자멸적인 행동""이라며 ""남조선 당국자들의 배신적인 처사에 강한 유감을 표한다""고 비난했다.    또 공동연락사무소 채널과 군 통신선 정기통화에 응답하지 않아 남북 연락채널이 전격 복원된 지 2주 만에 다시 불통 상태에 놓였다.    이날도 김영철 노동당 통일전선부장이 담화에서 ""잘못된 선택으로 인해 스스로가 얼마나 엄청난 안보 위기에 다가가고 있는가를 시시각각으로 느끼게 해줄 것""이라고 주장했다.    jhpark@yna.co.kr        jhpark@yna.co.kr",2021-08-11,15:39
연합뉴스,"원티드랩, 코스닥 상장 첫날 '따상' 성공(종합)",원티드랩[프레인키웨스트 제공. 재판매 및 DB금지](서울=연합뉴스) 이미령 기자 = 채용 플랫폼 업체 원티드랩이 코스닥 상장 첫날인 11일 상한가를 달성했다.    이날 코스닥 시장에서 원티드랩은 시초가 7만원 대비 가격제한폭(30.00%)까지 오른 9만1천원에 마감했다.    상장일 시초가가 공모가의 2배로 형성된 뒤 상한가로 치솟는 이른바 '따상'에 성공했다. 원티드랩의 공모가는 3만5천원이다.    2015년 설립된 원티드랩은 인공지능(AI) 기반 채용 서비스를 제공하는 채용 플랫폼 기업이다.    already@yna.co.kr,2021-08-11,15:36
헤럴드경제,가비아 COM 도메인 다년 연장 이벤트,9월 1일부터 .com 도메인 7% 인상향후 8년에 걸쳐 인상 예정[가비아 제공][헤럴드경제=김대우 기자] 가비아가 도메인 가격 인상에 대응해 .com 도메인 다년 연장 이벤트를 진행한다고 지난 11일 밝혔다.가비아 측에 따르면 이번 이벤트는 최상위 도메인 등록기관 베리사인(Verisign Inc.)의 COM 도메인 원가 인상 계획으로 인한 고객 부담을 최소화하기 위해 마련됐다. 도메인 원가 상승에 앞서 미리 기간 연장을 진행해 향후 고객이 받을 비용 충격을 완화하겠다는 취지다.COM 도메인을 이용 중인 고객은 8월 한 달 동안 인상 전 가격에 도메인을 연장하는 한편 다년 연장 도메인당 최대 만원 상당의 커피 쿠폰을 지급받게 된다.지난 2월 최상위 도메인을 관리하는 등록대행기관 베리사인은 국제 최고 도메인 기구 ICANN과의 계약 개정을 근거로 2021년 9월 1일부터 .com 도메인의 원가를 7%로 인상한다고 발표했다.도메인 가격 인상 배경에는 지난해 1월 인터넷 시스템의 보안과 안정성을 위한 투자의 목적으로 향후 5년간 ICANN에 매년 2천만 달러(한화 약 220억 원)를 지급하기로 한 계약이 자리한다.이 같은 인상은 올해에만 그치지 않고 향후 8년에 걸쳐 매년 7%씩 상승이 예정되어 있어 10년 후 도메인 가격은 지금의 두 배 가까이 상승하게 된다.업계 관계자는 베리사인의 .com 도메인 원가 인상 소식에 대해 ‘인터넷 보안과 안정성을 위한 비용을 고스란히 등록대행업체와 소비자가 부담할 수밖에 없는 구조다’라고 입을 모았다.가비아 도메인사업부 우희문 이사는 “매해 7%씩 .com 도메인 원가 상승이 예정되어 있어 소비자가 인상은 불가피해 보인다”며 “대대적인 원가 상승에 앞서 가장 인기 있는 영문 최상위도메인인 .com 도메인을 미리 연장해 가격 상승에 대비하길 바란다”라고 전했다.,2021-08-11,14:38
아시아경제,"한솔로지스틱스, 해상운임 급등에 순익 8배…재평가 기대","한솔로지스틱스가 강세다. 2분기 실적 개선 소식이 주가에 영향을 준 것으로 보인다.11일 오후 2시36분 한솔로지스틱스는 전날보다 24.53% 오른 5000원에 거래되고 있다.한솔로지스틱스는 2분기에 매출액 1735억원, 영업이익 153억원을 기록했다고 공시했다. 전년 동기 대비 매출액은 43.5% 늘었고 영업이익은 299.2% 늘었다. 순이익은 691.4% 늘어난 162억원을 기록했다.이상헌 하이투자증권 연구원은 ""해상운임의 경우 지난해 4월 저점을 기록한 이후 북미 항로를 중심으로 상승하기 시작해 11월 이후에는 급등했다""며 ""올해 들어서도 상승추세가 유지되고 있다""고 설명했다.이어 ""선사들이 2008년 글로벌 금융위기 이후 지속해온 보수적인 컨테이너선 운용과 더불어 코로나19로 인한 항만 적체와 빈 컨테이너 수급 불안정, 보복소비로 인한 수요 확대 등으로 인해 해상운임이 사상 최고 수준을 이어가고 있다""고 덧붙였다.아울러 ""무엇보다 3분기는 추수감사절과 블랙프라이데이, 광군제, 크라스마스 등 대규모 소비 시즌을 앞두고 해상 물동량이 증가하는 성수기""라며 ""해상 운임 강세는 당분간 이어질 것으로 예상한다""고 강조했다.그는 ""지난해 4 분기에는 해상운임이 너무 빠르게 상승함에 따라 운송계약건에 반영하지 못했다""며 ""올해 들어서는 운임상승을 화주에게 전가할 수 있게 되면서 수익성 개선이 본격화 될 것""이라고 했다.이 연구원은 ""무엇보다 운임상승 등으로 올해 매출 성장과 수익성 개선이 본격화되면서 밸류에이션이 리레이팅될 것""이라며 ""컨테이너 운송사업의 지역적 확대로 성장성 등이 가시화 될 수 있을 것""이라고 내다봤다.",2021-08-11,14:37
파이낸셜뉴스,"엔지켐생명과학, 경구형 코로나 치료제 호주서 상용화 첫발 소식에 강세","[파이낸셜뉴스]코로나19 4차 대유행 속 게임체인저로 꼽히는 머크의 코로나19 치료제 '몰누피라비르'가 호주에서 잠정 승인을 받았다는 소식에 엔지켐생명과학이 강세다. 엔지켐생명과학은 EC-18의 국내 임상2상을 마치고 현재 결과를 분석하고 있다.   11일 오후 2시 14분 현재 엔지켐생명과학은 전 거래일 대비 5500원(6.22%) 오른 9만3900원에 거래 중이다.   이날 업계에 따르면 호주 식품의약품안전청(TGA)는 머크가 개발하고 있는 코로나19 치료제 몰누피라비르에 대한 잠정 승인을 결정했다. 잠정 승인은 호주의 신약 승인의 첫 단계로, 머크가 호주 치료제 등록부(AGTG)D 몰누피라비르에 대한 승인을 신청할 자격이 있다는 것을 의미한다.   업계에서는 호주 규제 당국의 이번 결정에 대해 머크가 코로나19 치료의 새로운 패러다임을 제시하기 위한 첫 걸음을 내디뎠다고 평가한다. 현재 사용되는 코로나19 치료제는 정맥주사제로, 이는 모두 입원했거나 증상이 심한 환자를 위한 것이기 때문에 사용범위가 넓지 않다는 한계가 있다.   이에 증상이 심하지 않은 초기 환자도 집에서 쉽고 간편하게 복용할 수 있는 먹는 치료제가 주목받고 있다. 복용 편의성을 높여 환자 수를 줄이는데 큰 역할을 함으로써 코로나 팬데믹 상황의 게임체인저가 될 것이라는 기대가 높아지고 있다.   몰누피라비르의 경우 코로나19 바이러스의 돌기(스파이크)에 붙어 바이러스가 몸 안에 들어오는 것 자체를 막는 항체치료제와 달리 일단 들어온 바이러스가 몸에 퍼지는 것을 차단하는 기전이다. 때문에 코로나19 바이러스의 다양한 변이에도 치료 효과를 가질 것으로 예상된다.   아직 몰누피라비르에 대해 정식 사용승인을 내린 국가는 없지만 이를 계기로 세계 각국에서 가정에서 손쉽게 복용할 수 있는 코로나19 경구형 치료제의 상용화가 빠르게 이뤄질 것으로 기대하고 있다. 현재 머크는 바이오벤처 리지백 바이오테라퓨틱스와 함께 몰누피라비르의 글로벌 임상시험 3상을 진행 중이다.   한편 엔지켐생명과학도 EC-18의 국내 임상2상을 마치고 현재 결과를 분석하고 있는 것으로 알려졌다. EC-18은 엔지켐생명과학이 면역항암제, 구강점막염(CRIOM) 치료제, 호중구감소증 치료제, 급성방사성증후군(ARS) 치료제 등으로 개발하고 있는 신약 후보물질이다.   엔지켐생명과학은 EC-18이 면역조절을 통한 항염증작용뿐만 아니라 바이러스 복제를 저해해 바이러스 증식을 막는 항바이러스작용도 동시에 보이는 것을 확인한 뒤 국내와 미국에서 코로나19 치료제로 개발하고 있다. 국내 임상2상은 종료됐으나 미국 임상2상은 아직 진행 중인 것으로 전해졌다.   국내기업 가운데에는 압타바이오, 크리스탈지노믹스, 동화약품, 진원생명과학, 뉴젠테라퓨틱스, 씨앤팜, 셀리버리 등이 먹는 코로나19 치료제 개발에 도전하고 있다.",2021-08-11,14:19
이데일리,"KT, 장기 실적성장·긍정적 배당 전망에 '강세'","[이데일리 이은정 기자] KT(030200)가 2분기 ‘어닝 서프라이즈’에 이어 장기 실적 성장과 긍정적인 배당 전망에 강세다. 11일 마켓포인트에 따르면 KT는 이날 오후 2시5분경 전 거래일보다 1300원(3.89%) 오른 3만4700원에 거래되고 있다. KT는 2분기에 연결 영업이익 4758억원, 본사 영업이익 3512억원을 기록했다. 전년 동기 대비 각각 39%, 38% 증가한 수준이다. 계절적 영업비용을 감안하면 컨센서스(영업이익 4163억원)를 크게 상회하는 수준이란 평이다.이날 하나금융투자는 KT에 대해 12개월 목표가를 4만5000원으로 유지하며 자산가치와 배당 전망에 따라 주도주로 부상할 가능성이 제기된다고 했다. 권고 사유로는 △상반기 통신부문 영업이익 급성장으로 올해 주당배당금(DPS)이 최소 1600원 이상이 될 것이 유력한 점 △기대배당수익률이 4% 수준까지 충분히 내려갈 수 있음을 감안할 때 연내 주가 4만원 돌파 가능성이 높은 점 △최근 약점으로 지적되던 비통신 자회사 실적이 1분기를 저점으로 회복되는 양상 △실질 부동산 가치, 케이뱅크의 상장 후 예상 시가총액을 감안할 때 현 KT 시가총액이 과도하게 낮게 형성돼 있다는 점을 들었다.김홍식 하나금융투자 연구원은 “통신업이 호황 국면으로 진입하고 있다”며 “카카오뱅크 주가 상승에 따른 케이뱅크의 가치 증대, 부동산 자산 가치 대비 저평가 상황이 부각될 가능성도 있어 투자 유망하다는 판단”이라고 말했다.",2021-08-11,14:05
이데일리,"SK바이오팜, 엑스코프리·수노시 매출 호조 전망에 '강세'","[이데일리 이은정 기자] SK바이오팜(326030)이 뇌전증 치료제 ‘엑스코프리’(Xcopri)와 수면 장애 치료약 ‘수노시’(Sunosi) 매출이 호조를 보일 것이라는 증권가 전망에 강세다.11일 마켓포인트에 따르면 SK바이오팜은 이날 오후 1시40분경 전 거래일보다 7500원(6.15%) 오른 12만9500원에 거래 중이다. SK바이오팜은 전일(10일) 2분기 매출액이 240억원, 영업손실 651억원을 기록했다고 밝혔다. 각각 전년 동기 대비 1061% 증가, 적자는 13% 확대된 수준이다. 이번 영업손실은 2분기 광고선전비 증가와 엑스코프리 추가 임상 비용이 반영되면서 판관비가 크게 늘어난 영향이다. 증권가는 엑스코프리가 상반기 누적 매출액 304억원을 기록한 가운데 연간으로는 가이던스 상단인 800억원에 달하는 실적을 달성할 것으로 추정했다. SK바이오팜은 중장기 성장 전략으로 미국 자회사의 유통망을 활용하기 위한 제품 도입과 신약 포트폴리오 확대를 계획하고 있다. 이에 DB투자증권은 이날 SK바이오팜의 목표주가를 14만원에서 15만원으로 상향조정했다. 구자용 DB투자증권 연구원은 “엑스코프리와 수노시 매출 전망치를 근거로 한 현금흐름할인법(DCF) 밸류에이션에 따라 목표주가를 산출했다”며 “연간 흑자전환은 2023년으로 전망하고 있어 글로벌 비교기업인 UCB 대비 고평가로 판단할 수 있지만, 엑스코프리의 높은 매출 증가율과 사업 확장을 통한 외형 성장에 점차 밸류가 정당화될 것”이라고 말했다.",2021-08-11,13:52
아시아경제,"바이오로그, 확산 또 확산 델타 변이…99.9% 코로나19 예방제 뜬다","바이오로그디바이스가 강세다. 백신 접종 선도국조차 델타 변이 영향으로 코로나19 사태 이후 가장 심각한 상황을 맞았다는 소식이 주가에 영향을 준 것으로 보인다. 일각에서는 델타 변이 감염이 계속되는 한 백신을 맞아도 집단면역을 형성하기 어려울 것이라는 전망도 나왔다.11일 오전 11시22분 바이오로그디바이스는 전날보다 16.99% 오른 5520원에 거래되고 있다.미국 샐바시온이 개발한 코빅실V은 스프레이형 코로나19 예방제다. 앞서 샐바시온은 지난 3일 ""코빅실V가 코로나19 바이러스를 99.99% 사멸한다는 연구 결과를 얻었다""며 ""FDA와 유럽의약품청(EMA)의 승인을 기다리고 있다""고 밝혔다. 세균이나 곰팡이 감염을 차단하는 코빅실G를 코로나19 예방 목적으로 출시한다는 계획이다. 식품첨가물인 LAE와 구리염을 최적의 조성비로 합성한 방식이라 약물이 아닌 의료장비로 승인을 기다리고 있다.샐바시온 국내 투자사 관계자는 ""미국국립보건원(NIH) 산하 국립암연구소 지원을 받아 시험관(in vitro)과 생체 내(in vivo)에서 시험한 결과 코로나19 바이러스를 99.99% 사멸시킨다는 연구 결과를 얻었다""고 설명했다.스프레이형 백신과 치료제는 정맥주사보다 약효 지속성이 짧다는 한계가 있다. 코빅실V은 6시간마다 분무를 하도록 권고하고 있다. 미국 샐바시온이 개발한 제품이 미국 식품의약국(FDA)에서 관리하는 안전성 원료 인정 제도(GRAS) 인증을 받았다.바이오로그디바이스 관계자는 ""9월께 판매 승인을 받으면 마스크처럼 코빅실V가 필수품이 될 것으로 기대한다""며 ""코로나19가 사라질 것으로 보이지 않기 때문에 예방 차원에서 사용하면 6시간 가량 효과가 지속된다""고 설명했다.바이오로그디바이스는 자회사를 통해 샐바시온에 투자했다고 설명했다. 아울러 중동 지역 판권을 확보했다.",2021-08-11,11:23
아시아경제,"루트로닉, 2Q 흑자 전환에 급등","루트로닉이 올해 2분기 흑자 전환했다는 소식에 급등세다.11일 오전 10시45분 기준 루트로닉은 전일 대비 3500원(19.44%) 오른 2만1500원에 거래됐다.이날 루트로닉은 2분기에 연결 기준 매출 전년 동기 대비 140.3% 증가한 447억원, 영업이익은 121억원으로 흑자 전환했다고 공시했다. 같은 기간 당기순손실도 흑자 전환돼 당기순이익 150억원을 기록했다.",2021-08-11,10:47
파이낸셜뉴스,"바이오로그디바스이스, 자회사 투자한 코빅실 '美FDA GRAS' 인증 획득 ↑","[파이낸셜뉴스] 바이오로그디바이스가 강세다. 이 회사의 자회사가 투자한 샐바시온의 제품이 미국 식품의약국(FDA)에서 관리하는 안전성 원료 인정 제도(GRAS) 인증을 받은 사실이 부각된 것으로 보인다.   11일 오전 10시 43분 현재 바이오로그디바이스는 전일 대비 225원(+4.78%)상승한 4935원에 거래중이다.   GRAS인증제도는 FDA소속 전문가들이 해당물질의 의도된 사용조건하에 안전성을 평가했을 때 안전하다고 판단해 인증하는 제도로 많은 제약∙바이오 회사들이 인증획득을 원하는 제도이다.   사측 관계자는 “바이로그디바이스의 자회사가 투자한 샐바시온의 제품군인 코빅실G, 코빅실V 제품군 FDA 안전성 인증제도인 GRAS(Generally Recognized as Safe)인증을 받은 것이 맞다”고 밝혔다.   ‘코빅실-V’는 흡입형 코로나 바이러스 감염 예방제로 최근 델타변이 국면속에서 많은 관심을 받고 있다.   실제 미국에서 개발돼 유럽을 포함한 주요국에서 판매승인 및 출시를 앞두고 있는 코빅실V는 코로나바이러스를 99.99% 줄일 수 있다는 사실을 이미 다수의 연구기관을 통해 입증했다. #FDA #샐바시온 #바이오로그디바이스 #코빅실 #FDAGRAS #GRAS",2021-08-11,10:45
아시아경제,"카카오뱅크, 하루 만에 반등…20일 MSCI 조기편입","카카오뱅크가 하루 만에 반등하고 있다.11일 오전 10시42분 카카오뱅크는 전날보다 6.44% 오른 7만6000원에 거래되고 있다.전날 9% 하락한 뒤 이날 다시 오르고 있다.김동영 삼성증권 연구원은 ""6일 상장한 카카오뱅크가 MSCI에 조기 편입하는 것으로 발표됐다""며 ""MSCI에서 적용하는 유동비율은 예상보다 낮은 11%로 결정됐다""고 설명했다.이어 ""MSCI 지수 상의 유동시가총액은 3조6000억원으로 계산해 예상보다 작은 비율로 편입하게 된다""며 ""과거에도 MSCI가 상장 초기 고변동성 주식의 지수 편입 영향 최소화를 위해 종목 유동비율을 인위적으로 낮춘 사례가 있다""고 덧붙였다.아울러 ""카카오뱅크의 지수 편입 시점은 8월20일 장마감 후""라고 소개했다.MSCI 지수에 편입되는 종목은 지수를 추종하는 글로벌 패시브 자금 유입으로 외국인 수급이 개선될 수 있다.",2021-08-11,10:43
연합뉴스,삼성전자 '7만전자'로…SK하닉은 장중 연저점,"삼성전자 7만전자 (PG)[홍소영 제작] 사진합성·일러스트    (서울=연합뉴스) 박원희 기자 = 삼성전자와 SK하이닉스가 11일 장중 하락세를 보이고 있다.    이날 오전 10시 30분 현재 유가증권시장에서 삼성전자는 전날보다 1.25% 내린 7만9천200원에 거래됐다. 지난 3일 이후 6거래일 만에 장중 '7만전자'로 후퇴했다.    같은 시간 SK하이닉스는 전날보다 4.00% 떨어진 10만8천원이었다. 앞서 10만6천500원(5.33% 하락)까지 떨어지며 올해 들어 장중 가장 낮은 수준을 나타냈다.    주가 약세는 4분기 메모리 반도체 업황에 대한 불확실성이 제기된 영향으로 풀이된다.     앞서 10일(현지시간) 뉴욕증시에서도 미국 메모리 반도체 업체 마이크론(-5.36%), 반도체 장비 업체 램리서치(-3.64%) 등 미국 필라델피아 반도체 지수도 1.20% 떨어졌다.    서상영 미래에셋증권 연구원은 ""(필라델피아 반도체 지수 하락은) 시장 조사 기관인 트렌드포스가 PC 제조업체들의 과도한 재고로 D램 가격이 4분기에 최대 5% 하락할 것으로 전망한 데 따른 것으로 추정된다""고 밝혔다.    그는 아울러 ""트렌드포스는 미국과 유럽에서 코로나19 규제의 점진적인 해제에 따른 노트북 수요 둔화도 PC D램에 대한 전반적인 수요를 둔화시킬 것으로 전망했다""고 전했다.    encounter24@yna.co.kr",2021-08-11,10:35
이데일리,"SK하이닉스, 연중 최저…외국인 순매도 랠리에 ‘약세’","[이데일리 유준하 기자] SK하이닉스(000660)가 10만원대로 하락, 외국인의 순매도세에 5거래일 연속 약세다. 11일 마켓포인트에 따르면 오전 10시26분 기준 SK하이닉스는 전거래일 대비 3.56% 내린 10만8500원에 거래 중이다. 외국인은 전거래일 기준 SK하이닉스 주식을 5거래일 연속 순매도했다. 이날은 약 2000억원 어치를 팔고 있다.이는 디램 가격의 약세가 전망되기 때문으로 풀이된다. 시장조사기관 프렌드포스는 PC 제조업체들의 과도한 재고로 D램 가격이 4분기 최대 5% 하락할 것이라고 전망했다. 한편 SK하이닉스는 올해 2분기 매출액 10조3000억원, 영업이익 2조7000억원을 달성, 전분기 대비 22%, 103% 각각 증가했다.",2021-08-11,10:34
아시아경제,또 무너진 '8만전자',"삼성전자가 7거래일만에 또 다시 8만원 밑으로 내려갔다.삼성전자는 11일 시초가가 7만9600원으로 거래를 시작했다. 이날 오전 10시22분 현재 전일대비 1.12% 하락한 7만9300원에 거래되고 있다.삼성전자는 글로벌 반도체 업황에 대하 우려로 지난달 7만8000원까지 떨어졌다 이달초 외국인들이 매수세로 전환하며 8만원을 회복했다. 하지만 지난 5일부터 하락 전환했고, 전날부터 하락폭을 확대하면서 결국 8만원 아래로 내려갔다.",2021-08-11,10:29
아시아경제,"강원랜드, 실적 회복 지속 전망에 4%↑",강원랜드가 하반기 높은 회복세가 지속할 것이란 전망에 오름세를 보이고 있다.11일 오전 10시 19분 강원랜드는 전 거래일 대비 4.10% 오른 2만7900원을 가리키고 있다. 2분기 어닝서프라이즈에 이어 하반기에도 실적 상승이 기대된다는 판단이 영향을 준 것으로 풀이된다.2분기 강원랜드의 영업이익은 27억200만원으로 지난해 같은 기간보다 흑자로 전환했다. 매출액은 488% 늘어난 2036억원을 기록했다. 이선화 KB증권 연구원 “지난 6월 정선군의 사회적 거리두기 단계가 기존 1.5단계에서 신설 1단계로 완화되면서 카지노 매출이 늘었다”며 “최근 거리 두기가 2단계로 강화됐지만 동시 체류 인원 기준이 1800명이고 지난해 영업일이 52일밖에 안 됐던 만큼 기저효과가 기대된다”고 말했다.,2021-08-11,10:26
아시아경제,"진원생명과학, 희귀병 유전자 치료제 개발 참여 소식에 ‘강세’",진원생명과학의 자회사 VGXI가 희귀병 유전자 치료제 개발 파트너로 참여한다는 소식에 강세다.11일 오전 10시25분 현재 진원생명과학은 전일 대비 3.69% 상승한 4만3500원에 거래되고 있다.이날 진원생명과학은 DNA 백신과 유전자 치료제 전문 위탁개발생산(CDMO) 자회사 VGXI가 비영리 기관 '레어 트레이트 호프 펀드'(Rare Trait Hope Fund)가 지원하는 희귀병 유전자 치료제 개발 프로젝트에 파트너로 참여한다고 밝혔다.VGXI는 희귀병인 아스파르틸글루코사민뇨(AGU) 유전자 치료제 임상용 의약품 생산을 위한 플라스미드 원료 물질을 생산해 공급할 예정이다.,2021-08-11,10:25
아시아경제,"PI첨단소재, ""100% 가동해도 PI필름 없어요""…단가인상 임박","PI첨단소재가 강세다. 3분기 영업이익률 30%를 돌파할 것이라는 분석이 주가에 영향을 준 것으로 보인다.11일 오전 10시21분 PI첨단소재는 전날보다 10.21% 오른 6만3700원에 거래되고 있다.김정환 한화투자증권 연구원은 ""올 하반기 신제품 효과에 따른 PI필름 수요 강세와 방열시트용 제품 장기공급계약으로 인해 연중 풀 생산-풀 판매 체재를 지속할 것""이라고 분석했다.이어 ""2분기 가동률 추가 상승과 아이폰 신모델향 출하량 증가로 3분기 매출액은 821억원, 영업이익은 254억원에 달할 것""이라며 ""지난해 같은 기간보다 각각 10%, 59% 늘어난 규모""라고 설명했다.그는 ""영업이익률은 31%에 달할 전망""이라며 ""현재 PI첨단소재의 생산능력인 연 4300t으로는 하반기 고객사의 수요량을 전부 대응하기 어려운 상황""이라고 덧붙였다. 아울러 ""글로벌 생산능력도 Dupont을 제외하면 내년 상반기까지 늘지 않아 타이트한 PI필름 수급은 계속될 것""이라며 ""경쟁사 증설에 시간이 소요될 전망""이라고 강조했다.김 연구원은 ""핵심 생산 설비를 2차전지 산업에서 선주문했기 때문""이라며 ""하반기 중 필름 가격 인상 가능성이 커지고 있다""고 말했다.",2021-08-11,10:22
아시아경제,"더미동, 관계사 홀로그램 기술 中 메타버스 시장 공급 부각 강세","더미동(THE MIDONG) 주가가 강세다. 관계사 채널브라더스가 중국 영화관과 콘텐츠에 홀로그램 기술을 적용하면서 중국 메타버스(확장가상세계) 시장을 공략할 수 있다는 기대감이 반영된 것으로 보인다.11일 오전 10시10분 기준 더미동 주가는 전날 대비 4.59% 오른 1935원을 기록했다. 관계사 채널브라더스가 중국 메타버스 시장에서 확장할 수 있다는 기대감이 커진 것으로 풀이된다.채널브라더스는 이미 중국 영화관과 콘텐츠에 다수 적용돼 있는 상태다. 이를 활용해 각종 공연 등 콘텐츠에 적극 적용, 향후 커질 것으로 예상되는 중국 메타버스 시장에서 수혜를 입을 수 있다는 판단이 적용한 것으로 보인다. 앞서 더미동(당시 미동앤씨네마)은 2016년 5월11일 채널브라더스 지분 34%를 8억원에 인수한다고 공시한 바 있다. 현재 더미동의 채널브라더스 지분율은 26.5%다.",2021-08-11,10:20
아시아경제,KT 견조한 실적 바탕으로 강세,"KT 주가가 견조한 실적을 바탕으로 강세를 보이고 있다.KT는 11일 오전 10시 8분 기준 유가증권 시장에서 전일보다 950원(2.84%) 오른 3만4350원에 거래되고 있다.KT는 올 2분기 시장 컨센서스를 상회하는 실적을 발표했다. 영업이익 4758억원, 매출 6조276억원이다.5G 가입자 증가에 기반한 ARPU 상승, 효율적인 마케팅 비용 집행 및 단말기 재고 평가 손실 환입 등이 실적 향상을 견인한 것으로 풀이된다.이학무 미래에셋증권 연구원은 ""넷플릿스와 시즌 등 미디어 및 콘텐츠 결합 5G 상품 경쟁력 우위를 기반으로 상대적으로 높은 5G ARPU를 보이는 것이 전체 ARPU 상승에 크게 기여하고 있다""고 판단했다.오태완 한국투자증권 연구원은 ""무선 IPTV 등 핵심부문의 외형 성장이 지속되는 가운데 경쟁 완화에 기반한 비용 효율화가 지속되고 있다""고 말했다. 투자의견 '매수', 목표주가 3만7000원을 유지했다.NH투자증권 역시 투자의견 '매수', 목표주가는 4만2000원을 유지했다.한편 KT는 시가총액 8조 9953억원, 코스피 45위다. 상장주식수는 2억6111만1808주, 1주당 액면가는 5000원이다.",2021-08-11,10:15
이데일리,"셀트리온, 식약처 렉키로나주 허가변경 심사 착수에 ‘강세’","[이데일리 김윤지 기자] 코로나19 항체치료제 ‘렉키로나’의 치료 대상을 12세 이상 전체 경증 및 중등증 환자로 확대하는 변경 허가를 식품의약품안전처에 신청해 심사에 착수했다고 밝힌 셀트리온(068270)이 강세다. 11일 마켓포인트에 따르면 이날 오전 10시 9분 기준 셀트리온은 전거래일 대비 1만4500원(5.37%) 오른 28만4500원에 거래 중이다. 식약처는 앞서 렉키로나를 고위험군 경증과 전체 중등증 성인 코로나19 환자에만 사용하도록 조건부 허가한 바 있다. 고위험군에는 60세 이상과 심혈관질환자, 만성 호흡기질환자, 당뇨병 환자 고혈압 환자 등이 있다. 셀트리온은 렉키로나의 허가 당시 조건으로 붙였던 치료적 확증 임상시험 결과 보고서를 지난 10일 제출하며 허가조건 삭제를 신청했으며, 해당 보고서에는 셀트리온이 13개 국에서 1315명을 대상으로 수행했던 글로벌 임상 3상 시험이 포함됐다.",2021-08-11,10:12
아시아경제,"네오위즈, 신작 동시접속자 기록 갱신…미출시 중화권 관심 ↑",네오위즈가 연일 강세다. 다중접속역할수행게임(MMORPG) 블레스 언리쉬드 PC버전이 흥행몰이에 나섰다는 소식이 주가에 영향을 주는 것으로 보인다.11일 오전 9시55분 네오위즈는 전날보다 12.11% 오른 3만9800원에 거래되고 있다.이날 오전 한 매체는 스팀 DB를 인용해 블레스 언리쉬드가 전날 최대 동시접속자 7만 6342명을 기록했다고 보도했다. 출시 후 최대 동시접속자 수를 경신했다. 스팀 전체 게임 순위에서는 8위에 올랐으며 MMORPG 부문에서는 1위를 차지했다.블레스 언리쉬드 PC는 지난 7일 스팀을 통해 출시했다. 지난 8일 첫 주말기준 동시접속자수 7만 1577명을 기록하며 글로벌 동시접속자 순위 9위에 오르기도 했다.게임업계에 따르면 블레스 언리쉬드는 정식 서비스를 시작하지 않은 중화권에서도 주목받고 있다.  수십만 명 이상의 중국인이 현지 스트리밍 플랫폼에서 송출 중인 블레스 언리쉬드? 게임방송을 시청 중인 것으로 알려졌다. 블레스 언리쉬드는 아직 중국의 판호를 받지 못했다. 현지판 스팀 차이나에도 올라있지 않기 때문에 기대감이 방송 시청으로 나타나는 것으로 보인다.,2021-08-11,9:56
파이낸셜뉴스,"바른손, 화이자와 백신 공동 개발…21조원 매출 바이오엔텍 과거 투자 부각↑","[파이낸셜뉴스]신종 코로나바이러스 감염증(코로나19) 백신 제조사인 미국 화이자의 주가가 20여년 만에 최고치를 기록한 가운데 화이자와 코로나19 백신을 공동개발한 독일기업 바이오엔테크에 투자한 바른손이 강세다. 바른손은 과거 바이오엔텍 주식 1만800주를 보유한 바 있어 매수세가 몰리는 것으로 풀이된다.   11일 오전 9시 49분 현대 바른손은 전 거래일 대비 445원(14.71%) 오른 3525원에 거래 중이다.   전날 화이자 주가는 뉴욕증권거래소(NYSE)에서 전장보다 4.81% 오른 48.19달러로 마감했다.   이날은 장중 48.57달러까지 오르며 장중 최고가를 경신하기도 했다. 직전 최고 기록은 1999년 4월 12일에 세운 47.44달러였다.   특히 화이자와 코로나19 백신을 공동개발한 독일기업 바이오엔테크가 올해 코로나 백신 매출 전망치가 상향조정되면서 매출기준으로 세계 상위 20개 제약사 대열에 합류할 전망이라는 보도도 나왔다.   미국 제약회사 화이자와 신종 코로나바이러스 감염증(코로나19) 백신을 공동개발한 독일 생명공학회사 바이오엔테크가 올해 코로나19 백신 매출 전망치를 159억유로(약 21조4천200억원)로 상향조정했다.   화이자·바이오엔테크의 코로나19 백신은 델타 변이에도 효능이 있기 때문에 아직 수정할 필요는 없다는 게 바이오엔테크의 분석이다. 또한 바이오엔테크측은 올해 22억 도즈 공급계약 이외에 이미 내년 10억 도즈가 이미 예약된 상황이라고 밝혔다. 아울러 선구매 계약에 따라 미국과 유럽은 델타 변이를 처리할 수 있도록 설계된 백신 또는 새로운 제형이 승인 및 발매가 이루어질 경우 업데이트된 백신으로 구매가 가능하다고 덧붙였다.   한편 바른손은 이노비오, 모더나 등 코로나19 백신을 개발하는 해외 상장 제약사들의 주식을 보유하고 있는 것으로 알려졌다.",2021-08-11,9:54
파이낸셜뉴스,"동구바이오제약, '페노피브레이트' 코로나 치료 기대감에 성분 보유 부각↑",[파이낸셜뉴스] 고지혈증 치료제로 쓰이는 약물 '페노피브레이트'가 코로나19 감염을 상당 부분 줄인다는 연구결과가 나오면서 치료제 개발 기대감에 관련 상장기업의 주가가 오름세다.   11일 오전 9시 36분 현재 동구바이오제약은 전 거래일 대비 3.24% 오른 9890원에 거래되고 있다.   국제학술지인 '프론티어스 약리학(Frontiers in Pharmacology)'에 공개된 연구결과에 따르면 페노피브레이트는 코로나19 감염을 최대 70%까지 줄이는 것으로 확인됐다.   코로나 바이러스가 사람 몸속의 ACE2단백질과 결합하는 것을 페노피브레이트가 방해하는 것으로 알려지면서 관심이 집중된다.   약학정보원에 따르면 동구바이오제약은 동구페노피브레이트정을 공급하고 있어 동일성분 의약품 보유에 대한 기대감이 유입된 것으로 풀이된다.,2021-08-11,9:37
연합뉴스,북한 한미연합훈련 맹비난에 경협주 약세,"[그래픽] 최근 남북관계 주요 일지(서울=연합뉴스) 이재윤 기자 = 김영철 노동당 통일전선부장은 11일 조선중앙통신을 통해 담화를 내고 한미연합훈련 사전연습 개시에 연이틀 반발하며 대가를 치를 것이라고 경고하고 나섰다.yoon2@yna.co.kr    트위터 @yonhap_graphics  페이스북 tuney.kr/LeYN1(서울=연합뉴스) 박진형 기자 = 북한이 한미연합훈련을 강력히 비난, 남북 관계가 경색되면서 남북 경제협력 관련 종목들이 11일 장 초반 일제히 약세를 보였다.    이날 오전 9시 26분 현재 유가증권시장에서 신원우는 전날보다 6.83% 하락했다.    또 남해화학(-4.55%), 신원(-4.31%), 팬스타엔터프라이즈(-4.23%), 재영솔루텍(-3.64%), 인디에프(-3.27%) 등도 내렸다.    신원, 재영솔루텍, 인디에프는 개성공단 입주사이며 남해화학은 농업 분야 경협 테마주로 꼽힌다.    팬스타엔터프라이즈는 북한 관광 관련주로 거론된다.    앞서 전날 한미 군사 당국이 연합훈련 사전연습에 돌입하자 북한은 김여정 노동당 부부장이 담화에서 ""반드시 대가를 치르게 될 자멸적인 행동""이라며 ""남조선 당국자들의 배신적인 처사에 강한 유감을 표한다""고 비난했다.    또 공동연락사무소 채널과 군 통신선 정기통화에 응답하지 않아 남북 연락채널이 전격 복원된 지 2주만에 다시 불통 상태에 놓였다.    이날도 김영철 노동당 통일전선부장이 담화에서 ""잘못된 선택으로 인해 스스로가 얼마나 엄청난 안보 위기에 다가가고 있는가를 시시각각으로 느끼게 해줄 것""이라고 주장했다.    jhpark@yna.co.kr",2021-08-11,9:34
이데일리,"삼성전자, 다시 7만원대 하락…반도체株 '휘청'","[이데일리 이은정 기자] 삼성전자(005930)가 이달 들어 회복했던 8만원선을 깨고 다시 7만원대로 내려 앉았다. 하반기 D램 하락 가능성에 글로벌 반도체 업체의 주가가 급락, 필라델피아 지수도 하락세를 보이면서 투자심리가 위축된 것으로 풀이된다. 11일 마켓포인트에 따르면 이날 오전 9시30분경 삼성전자는 전 거래일보다 500원(0.62%) 내린 7만9700원에 거래되고 있다. 지난 3일 종가(8만1400원) 기준 8만원선을 회복했지만 다시 상승분을 반납했다. 5거래일 연속 외국인 매도세가 이어지고 있다.필라델피아 반도체 지수는 1.20% 하락했다. 시장조사기관 프렌드포스가 PC 제조업체들의 과도한 재고로 D램 가격이 4분기 최대 5% 하락할 것이라고 전망한 데 따른 것으로 추정되고 있다. 트렌드포스는 미국과 유럽의 코로나19 규제 점진적 해제로 노트북 수요 둔화도 PC D램에 대한 전반적인 수요를 둔화시킬 것으로 전망했다. 이에 간밤 마이크론은 5.36% 감소했다. AMAT과 램리서치도 각각 2.77%, 3.64% 동반 하락했다. 메모리 칩용 컨트롤러를 만드는 실리콘모션테크놀로지도 5.78% 빠졌다. 서상영 미래에셋증권 연구원은 “이날 마이크론이 4분기 D램 가격 하락 가능성이 부각되며 급락, 필라델피아 반도체 지수가 하락한 점은 부담”이라며 “다만 관련 이슈는 전일 일부 반영됐다는 점에서 영향은 제한적일 것”이라고 말했다. 같은 시각 SK하이닉스(000660)는 3500원(3.11%) 내린 10만9000원에, DB하이텍(000990)은 2300원(3.48%) 내린 6만3700원에 거래되고 있다. 전기전자 업종은 코스피 업종 중 -0.82%를 기록하며 가장 크게 빠지는 모습이다.",2021-08-11,9:32
파이낸셜뉴스,"대원제약, 코로나 치료제 기대감에 10%대 급등",[파이낸셜뉴스]고지혈증 치료제로 쓰이는 약물 '페노피브레이트'가 코로나19 감염을 상당 부분 줄인다는 연구결과에 대원제약이 9일 10% 넘는 급등세를 보이고 있다. 이날 오전 9시 28분 현재 유가증권시장에서 대원제약은 전 거래일보다 12.50% 오른 2만1150원에 거래되고 있다.   국제학술지인 '프론티어스 약리학(Frontiers in Pharmacology)'을 통해 공개된 연구결과에 따르면 고지혈증 치료 약물 '페노피브레이트'는 코로나19 감염을 최대 70%까지 줄인다.   약물 '페노피브레이트'가 코로나19 바이러스가 사람 몸속의 ACE2단백질과 결합하는 것을 방해하는 것으로 전해졌다.   대원제약은 세계 최초 정제로 개발한 페노피브레이트콜린 제제의 티지페논을 개발했다. 연구결과가 공개된 9일 대원제약의 주가는 13.75%까지 올랐고 10일에도 3%대 강세를 보였다.,2021-08-11,9:30
이데일리,"덕산네오룩스, 3Q 실적 기대감 속 5%강세…'신고가'","[이데일리 김인경 기자] 덕산네오룩스(213420)가 3분기 실적 기대감 속에 장 초반 5%대 강세를 보이는 등 신고가를 경신하고 있다.마켓포인트에 따르면 11일 오전 9시 25분 기준 덕산네오룩스(213420)는 전 거래일보다 5.07%(3400운)오른 7만400원에 거래되고 있다. 장 초반 한때 7만2100원까지 오르기도 했다. .덕산네오룩스는 전날 2분기 개별 기준 영업이익이 전년 동기보다 31.2% 늘어난 101억8615만원, 매출액은 같은 기간 53% 증가한 432억6756만원이라고 공시했다.박성순 케이프투자증권 연구원은 “2분기는 통상적으로 유기발광다이오드(OLED) 비수기이지만 중화권의 수요에 힘입어 삼성디스플레이의 OLED 가동률이 양호했다”면서 “6월부터는 애플의 아이폰13과 폴더블 스마트폰향 제품 양산이 시작되며 실적을 견인했다”고 분석했다. 이어 그는 3분기 역대급 실적을 기대하며 “아이폰13과 폴더블 스마트폰 물량의 증가는 성수기 진입에 따라 더 확대될 것”이라고 평가했다. 이어 “2분기 재고자산은 전분기보다 83억원 증가했는데, 하반기 성수기에 대응하기 위한 선행 생산으로 풀이된다”라고 말했다.소현철 신한금융투자 연구원 역시 “3분기 아이폰13 OLED 패널과 삼성전자의 폴더블 OLED 패널, OLED 노트북 패널 생산 확대 등이 예상된다”면서 “3분기 매출액은 전년 동기보다 35.7% 늘어난 551억원, 영업이익은 같은 기간 56.3% 증가한 174억원 수준에 이를 것”이라고 전망했다.",2021-08-11,9:28
이데일리,"아이원스, 상폐 위기 벗어나자 급등…52주 신고가","[이데일리 박정수 기자] 아이원스(114810)가 상장적격성 실질심사 대상서 제외되자 급등세를 보인다.11일 마켓포인트에 따르면 오전 9시 23분 현재 아이원스는 전 거래일보다 8.49%(810원) 오른 1만350원에 거래되고 있다. 장중 1만1700원까지 치솟아 52주 신고가를 경신했다.전날 한국거래소 코스닥시장본부는 아이원스의 상장폐지 가능성 등을 검토한 결과, 동사를 상장적격성 실질심사 대상에서 제외하기로 결정했다고 공시했다.한동희 SK증권 연구원은 “아이원스는 올해 2분기 영업이익 91억원으로 전 분기 대비 36% 증가해 깜짝 실적을 발표했다”며 “3분기는 100억원을 넘어서 최대실적을 경신할 것”이라고 예상했다.",2021-08-11,9:25
파이낸셜뉴스,"'기관 3개월 의무보유' 풀린 SKIET, 주가 하락세","사진=뉴시스 [파이낸셜뉴스] 공모주 청약 당시 기관투자자 등이 약속했던 의무보유물량이 대거 풀리면서 SK아이이테크놀로지(SKIET)가 11일 오전 하락세다.   이날 오전 9시 20분 현재 SKIET는 전날보다 3.33%(7000원) 내린 20만3500원에 거래되고 있다.   기관투자자의 3개월 의무보유확약(락업) 물량이 풀리면서 차익 실현을 위한 매도세가 이어진 영향으로 풀이된다. 앞서 기관투자자들은 지난 4월 말 SKIET에 대한 공모주 청약을 진행하면서 상장 후 최소 15일에서 최장 6개월간 주식을 팔지 않겠다는 의무보유확약을 맺은 바 있다.   이날 풀린 물량은 3개월 확약 물량으로, 기관 배정 물량의 17.2%인 208만7672주다. 전체 상장주식 수와 대비하면 2.93% 수준이다.",2021-08-11,9:24
이데일리,"루트로닉, 2분기 흑자 전환 소식에 ‘52주 신고가’",[이데일리 박정수 기자] 루트로닉(085370)이 2분기 흑자 전환 소식에 급등세를 보인다. 11일 마켓포인트에 따르면 오전 9시 18분 현재 루트로닉은 전 거래일보다 15.83%(2850원) 오른 2만850원에 거래되고 있다. 장중 2만1450원까지 치솟아 52주 신고가를 경신했다.이날 루트로닉은 2분기 연결기준 잠정 영업이익이 120억5000만원으로 지난해 같은 기간과 비교해 흑자전환했다고 공시했다. 같은 기간 매출액은 447억4000만원으로 지난해보다 140.3% 증가했다. 당기순이익은 149억8500만원으로 흑자전환했다.,2021-08-11,9:20
연합뉴스,"원티드랩, 코스닥 상장 첫날 장중 '따상' 성공",원티드랩[프레인키웨스트 제공. 재판매 및 DB금지](서울=연합뉴스) 이미령 기자 = 채용 플랫폼 업체 원티드랩이 코스닥 상장 첫날인 11일 장 초반 상한가를 기록했다.    이날 오전 9시 11분 현재 원티드랩은 시초가 7만원 대비 가격제한폭(30.00%)까지 오른 9만1천원에 거래됐다. 이는 공모가(3만5천원)보다 160% 높은 수준이다.    상장일 시초가가 공모가의 2배로 형성된 뒤 상한가로 치솟는 이른바 '따상'에 성공했다.    2015년 설립된 원티드랩은 인공지능(AI) 기반 채용 서비스를 제공하는 채용 플랫폼 기업이다.    already@yna.co.kr,2021-08-11,9:17
이데일리,"크래프톤, 상장 둘째날도 3%대 약세…시총 22위","[이데일리 김인경 기자] 상장 첫 날 공모가(49만8000원)을 밑돌았던 크래프톤(259960)이 11일에도 약세로 장을 출발하고 있다.마켓포인트에 따르면 이날 오전 9시12분 크래프톤(259960)은 전 거래일보다 2.86%(1만3000원) 내린 44만1000원에 거래 중이다. 공모가와 견줬을 땐 이틀 만에 11.4% 가량 빠진 수준이다. 하반기 기업공개(IPO) 시장 대어로 평가받던 크래프톤은 전날 코스피에 상장했다. 하지만 시초가부터 공모가보다 낮은 44만8500원으로 출발한 후, 전날 장 중 단 한번도 공모가 이상으로 오르지 못하고 마감했다. 공모가를 둘러싼 ‘고평가’ 논란과 유통가능 물량 출회에 대한 우려 탓으로 풀이된다. 현재 크래프톤은 게임 대장주는 지키고 있다. 크래프톤의 시가총액은 21조4500억원 수준으로 코스피 시가총액 22위를 유지하고 있다. 게임주 2위는 엔씨소프트(036570)로 시가총액은 17조7600억원 수준이다.",2021-08-11,9:17
이데일리,"진단키트株, 동반 급등…코로나 신규 확진자 2200명 넘어","[이데일리 박정수 기자] 코로나19 신규 확진자 수가 2200명을 넘어서자 진단키트 관련주들이 급등세를 보인다.[이데일리 방인권 기자]11일 마켓포인트에 따르면 오전 9시 10분 현재 진매트릭스(109820)는 전 거래일보다 17.08%(2050원) 오른 1만4050원에 거래되고 있다. 에스디바이오센서(137310)는 10% 이상 오르고 있으며 장중 6만8900원까지 치솟아 52주 신고가를 경신했다. 아울러 휴마시스(205470)는 3% 이상 오르고 있고 씨젠(096530), 수젠텍(253840), 엑세스바이오(950130) 등이 2% 이상 오르고 있다.이날 정부는 코로나19 신규 확진자 수가 처음으로 2200명을 넘었다고 밝혔다.권덕철 중앙재난안전대책본부(중대본) 제1차장 겸 보건복지부 장관은 이날 중대본 회의에서 “오늘 0시 기준 코로나19 신규 확진자 수가 2200명을 넘어섰다”며 “작년 1월 최초 발병 이후 처음”이라고 전했다.",2021-08-11,9:17
이데일리,"팍스넷, 정리매매 절차 돌입에 62.8%↓",[이데일리 김인경 기자] 상장폐지 결정으로 정리매매 절차에 돌입한 팍스넷(038160)이 11일 장 초반 급락 중이다. 마켓포인트에 따르면 오전 9시 7분 현재 팍스넷(038160)은 전 거래일보다 62.88%(320원) 내린 542원에 거래되고 있다.한국거래소 코스닥시장본부는 상장폐지결정 등 효력정지 가처분 신청 기각됨에 따라 11일부터 정리매매절차를 재개한다고 9일 공시했다. 서울남부지방법원은 지난 6일 팍스넷이 제기한 상장폐지결정 등 효력정지 가처분 신청을 기각한 데 따른 것이다. 이에 팍스넷은 10일 서울남부지방법원에 상장폐지 결정 등에 대한 효력정지 가처분신청을 항고했다고 밝혔다. 소송의 본안판결 확정 시까지 한국거래소가 정리매매절차를 진행해서는 안 된다는 입장이다.,2021-08-11,9:08
이데일리,"원티드랩, 상장 첫 날 ‘따상’ 성공","[이데일리 유준하 기자] 인공지능(AI) 채용 플랫폼 서비스인 ‘원티드’를 제공하는 원티드랩(376980)이 상장 첫 날 따상에 성공했다.11일 마켓포인트에 따르면 오전 9시5분 기준 원티드랩 주가는 시초가 7만원 대비 30%(2만1000원)오른 9만1000원을 기록했다. 시초가는 공모가 2배에 형성됐다.앞서 회사는 크래프톤과 같은 지난 2~3일 청약을 실시했고 크래프톤(5조358억원)보다 더 많은 증거금(5조5291억원)을 모으며 흥행에 성공한 바 있다.원티드랩은 AI 매칭 채용서비스를 제공하며 한국을 포함한 아시아 5개국에 진출해 있다. 매출액은 2018년 34억원에서 지난해 147억원으로 매년 두 배 이상 성장하고 있으며, 올해 1분기에는 전년 동기 대비 93% 증가한 57억원을 기록했다. 영업이익은 4억원을 기록하며 흑자 전환했다.원티드랩은 채용 서비스 플랫폼인 ‘원티드(Wanted)’를 필두로 다양한 서비스를 통해 ‘라이프 커리어플랫폼’으로 도약할 계획이다. 이를 위해 유저의 커리어 성장을 돕는 ‘원티드플러스(Wanted+)’, 프리랜서 매칭 플랫폼 ‘원티드 긱스(gigs)’, 전국 42만 개 기업의 채용·연봉 데이터를 제공하는 ‘크레딧잡(Kredit Job)’, 스마트한 통합 HR솔루션 ‘커먼스페이스(Commonspace)’ 등으로 차별화된 비즈니스 모델을 확보했다.",2021-08-11,9:08
이데일리,"덴티움, 2분기 깜짝 실적에 ‘52주 신고가’","[이데일리 박정수 기자] 덴티움(145720)이 2분기 깜짝 실적에 강세를 보인다.11일 마켓포인트에 따르면 오전 9시 5분 현재 덴티움은 전 거래일보다 4.83%(3500원) 오른 7만6000원에 거래되고 있다. 장중 7만7900원까지 치솟아 52주 신고가를 경신했다.덴티움은 연결 재무제표 기준 2분기 매출액 725억원과 영업이익 169억원을 기록했다. 이는 전년 동기 대비 40.8%와 154.6% 증가한 규모다. 수익성이 높은 중국, 러시아 등 신흥국으로의 임플란트 수출 고성장에 힘입은 결과라는 분석이다. 서근희 삼성증권 연구원은 “국내 매출액은 국내 치과 장비 및 임플란트 묶음 판매 등으로 전년 동기 대비 9.4% 증가한 160억원을 기록했다”며 “점진적 성장이 확인되고 있다”고 평가했다. 해외 매출액에 대해서는 “전년 동기 대비 53.3% 증가한 565억원으로, 코로나19 여파로 줄어든 임플란트 수요가 회복됐다”며 “중국 매출은 특히 42.4% 늘어났다”고 설명했다. 삼성증권은 올해 덴티움이 매출액 2899억원과 영업이익 626억원을 기록할 것으로 전망했다. 이는 전년 대비 각각 26.2%와 58% 증가한 규모다. 중국을 비롯한 신흥국 매출액이 점진적으로 늘어날 것이라는 예상이다. 서근희 연구원은 “9월부터 전년 동기 대비 높은 기저에 대한 부담으로 임플란트 수출 기업 성장세가 전반적으로 약화할 수 있다”면서도 “덴티움의 경우 신흥국 위주의 신규 채널망 확대로 기저 부담은 점진적으로 완화될 것”이라고 했다. 그는 또 “신흥국의 코로나19 백신 접종률 상승에 따라 임플란트 수요가 회복되고 신공장 가동률 상승에 따라 이익이 개선될 것으로 전망한다”고 덧붙였다.",2021-08-11,9:07
연합뉴스,"SK바사, 코로나 백신 임상3상 승인에 급등…시총 16위(종합)","SK바이오사이언스 백신공장 안동 L하우스[SK바이오사이언스 홈페이지 캡처](서울=연합뉴스) 이미령 기자 = SK바이오사이언스가 신종 코로나바이러스 감염증(코로나19) 백신 임상 3상 승인 소식에 10일 큰 폭으로 오르며 시가총액 20위권에 진입했다.    이날 유가증권시장에서 SK바이오사이언스는 전 거래일보다 29.68% 치솟은 30만1천500원에 마쳤다. 종가 기준 2거래일 만에 사상 최고가를 다시 썼다.    장중 한때 가격제한폭(29.89%)까지 오르기도 했다.    시가총액은 23조648억원으로 불어나 유가증권시장 16위(우선주 제외)에 올랐다. 하루 만에 SK이노베이션(22조4천229억원), LG생활건강(22조3천809억원) 등을 제치고 20위권에 들어선 것이다.    이날 거래대금은 4조852억원에 달했다.    개인이 954억원 순매수하고 외국인과 기관은 각각 431억원, 488억원 순매도했다.    앞서 식품의약품안전처는 SK바이오사이언스가 개발하고 있는 코로나19 백신 후보물질 'GBP510'의 임상 3상 시험계획을 승인했다고 밝혔다.    이번 승인으로 국내 업체가 개발한 코로나19 백신 후보물질이 최초로 개발 막바지 단계인 임상 3상에 진입하게 됐다.    GBP510은 유전자 재조합 기술을 이용해 만든 코로나19 바이러스의 표면항원 단백질을 주입해 면역반응을 유도하는 '재조합 백신'이다.    앞서 SK바이오사이언스는 2분기 호실적 발표와 노바백스의 유럽연합(EU) 백신 공급 계약 체결 소식에 급등했다.    지난달 30일 실적 공시 이후 이날까지 주가가 7거래일 만에 77% 뛰어올랐다.    이날 SK바이오사이언스 대주주인 SK케미칼(14.79%)과 SK케미칼우[28513K](26.11%)도 동반 급등 마감했다.    already@yna.co.kr",2021-08-10,16:04
파이낸셜뉴스,"푸드나무, 분기 최대 매출에 상한가 마감(종합)","[파이낸셜뉴스] 푸드나무가 분기 매출액이 처음으로 500억원을 돌파했다는 소식에 10일 주가는 상한가를 기록하며 장을 마쳤다.   이날 코스닥시장에서 푸드나무는 전 거래일보다 29.88% 오른 4만7600원에 마감했다. 푸드나무는 전날 연결기준 매출액이 작년 동기 대비 66.1% 증가한 506억원, 영업이익은 20.6% 줄어든 15억원을 기록했다고 밝혔다. 매출액이 분기 기준으로 500억원을 넘어선 것은 이번이 처음이다.   홍세종 신한금융투자 연구원은 ""푸드나무의 성장성과 수익성 모두 당사 추정치를 상회했다""면서 ""푸드나무 가입자의 고성장이 놀라운 분기""라고 평했다.   이어 ""올해 2·4분기 기준 랭키닭컴 전체 가입자는 156만명을 기록했다""면서 ""7월 말 기준 랭키닭컴 가입자는 이미 163만명까지 증가했다""고 설명했다. 그러면서 목표주가를 종전 3만8000원에서 4만5000원으로 상향 조정했다.   그러면서 ""기말 기준 200만명 내외의 플랫폼 가입자 수, 연간 2000억원에 육박하는 매출액, 안정적인 재무구조를 근거로 매수 관점을 유지한다""고 덧붙였다.",2021-08-10,15:40
이데일리,"카페24, 네이버와 1300억대 지분교환 두자릿수 `급락`","[이데일리 김재은 기자] 네이버(035420)와 1300억원대 지분교환을 발표한 카페24(042000)가 두자릿수 하락세를 기록중이다. 10일 마켓포인트에 따르면 오후 2시59분 현재 카페24는 전일대지 13.88%(6900원) 하락한 4만2800원에 거래되고 있다. 카페24는 지난 2일이후 전날까지 6거래일 연속 상승했다. 6거래일간 상승폭은 무려 56.8%(1만8000원)에 달했다. 네이버는 자사주 31만327주(0.19%)를 현물출자해 카페24의 신주 332만1169주를 취득한다고 밝혔다. 이는 유상증자후 지분율 14.99%에 해당한다. 카페24는 이날 발표한 2분기 실적에서도 1분기에 이어 적자가 이어졌다. 카페24는 지난 2분기 영업손실은 29억원으로 전년동기대비 적자전환했고, 순손실 역시 44억원으로 적자로 돌아섰다.같은 시각 네이버도 0.56% 하락하며 약보합세를 기록중이다.",2021-08-10,15:05
이데일리,"SK바이오·SK케미칼, 코로나 백신 임상 3상 돌입에 ‘급등’","[이데일리 김윤지 기자] 코로나19 백신 임상 3상 돌입 소식에 SK바이오사이언스(302440)와 대주주인 SK케미칼(285130)이 상승 중이다.10일 마켓포인트에 따르면 이날 오후 1시 25분 기준 SK바이오사이언스는 전거래일 대비 5만6000원(24.09%) 오른 28만8500원에 거래 중이다. SK케미칼과 SK케미칼우(28513K)도 각각 14.20%, 21.68% 상승 중이다.식품의약품안전처는 SK바이오사이언스가 개발하고 있는 코로나19 백신 후보물질 ‘GBP510’의 임상 3상 시험계획을 승인했다고 10일 밝혔다. SK바이오사이언스는 내년 상반기 상용화를 목표로 하고 있으며, 이 경우 국산 백신 수억회 분량이 전세계에 공급될 전망이다.이번 승인으로 국내 업체가 개발한 코로나19 백신 후보물질이 최초로 개발 최종 단계인 임상 3상에 진입하게 됐다.아스트라제네카(AZ) 백신과 효과를 견주어 입증하는 비교임상 방식으로, 이는 프랑스 발네바사(社)가 개발 중인 코로나19 백신의 아스트라제네카 백신에 대한 비교 임상 진입에 이어 세계에서 두 번째다.",2021-08-10,13:28
